group,title,issns_observed,publisher_or_host_as_recorded,identity_source,identity_source_kind,source_title,scope_note,premier,complete,ultimate
OM_OR_core,Management Science,0025-1909,INFORMS: Institute for Operations Research & the Management Sciences,https://about.ebsco.com/m/ee/Marketing/titleLists/bsu-journals.htm,EBSCO Ultimate title list,Management Science (INFORMS),candidate scope; not measured article coverage,full_text_no_delay_listed,full_text_no_delay_listed,full_text_no_delay_listed
OM_OR_core,Manufacturing & Service Operations Management,1523-4614,INFORMS: Institute for Operations Research & the Management Sciences,https://about.ebsco.com/m/ee/Marketing/titleLists/bsu-journals.htm,EBSCO Ultimate title list,Manufacturing & Service Operations Management (M&SOM) (INFORMS),candidate scope; not measured article coverage,full_text_no_delay_listed,full_text_no_delay_listed,full_text_no_delay_listed
OM_OR_core,Operations Research,0030-364X,INFORMS: Institute for Operations Research & the Management Sciences,https://about.ebsco.com/m/ee/Marketing/titleLists/bsu-journals.htm,EBSCO Ultimate title list,Operations Research,candidate scope; not measured article coverage,full_text_no_delay_listed,full_text_no_delay_listed,full_text_no_delay_listed
OM_OR_core,Production & Operations Management,1059-1478,Sage Publications,https://about.ebsco.com/m/ee/Marketing/titleLists/bsu-journals.htm,EBSCO Ultimate title list,Production & Operations Management,candidate scope; not measured article coverage,indexed_no_full_text_listed,indexed_no_full_text_listed,full_text_embargo
OM_OR_core,Journal of Operations Management,0272-6963,Wiley-Blackwell,https://about.ebsco.com/m/ee/Marketing/titleLists/bsu-journals.htm,EBSCO Ultimate title list,Journal of Operations Management,candidate scope; not measured article coverage,indexed_no_full_text_listed,indexed_no_full_text_listed,full_text_embargo
OM_OR_core,Decision Sciences,0011-7315,Wiley-Blackwell,https://about.ebsco.com/m/ee/Marketing/titleLists/bsu-journals.htm,EBSCO Ultimate title list,Decision Sciences,candidate scope; not measured article coverage,full_text_embargo,full_text_embargo,full_text_embargo
OM_OR_core,European Journal of Operational Research,0377-2217,Elsevier Science,https://about.ebsco.com/m/ee/Marketing/titleLists/bsu-journals.htm,EBSCO Ultimate title list,European Journal of Operational Research,candidate scope; not measured article coverage,indexed_no_full_text_listed,indexed_no_full_text_listed,indexed_no_full_text_listed
OM_OR_core,International Journal of Production Economics,0925-5273,Elsevier Science,https://about.ebsco.com/m/ee/Marketing/titleLists/bsu-journals.htm,EBSCO Ultimate title list,International Journal of Production Economics,candidate scope; not measured article coverage,indexed_no_full_text_listed,indexed_no_full_text_listed,indexed_no_full_text_listed
OM_OR_core,International Journal of Production Research,0020-7543,Taylor & Francis Ltd,https://about.ebsco.com/m/ee/Marketing/titleLists/bsu-journals.htm,EBSCO Ultimate title list,International Journal of Production Research,candidate scope; not measured article coverage,indexed_no_full_text_listed,indexed_no_full_text_listed,full_text_no_delay_listed
OM_OR_core,Production Planning & Control,0953-7287,Taylor & Francis Ltd,https://about.ebsco.com/m/ee/Marketing/titleLists/bsu-journals.htm,EBSCO Ultimate title list,Production Planning & Control,candidate scope; not measured article coverage,indexed_no_full_text_listed,indexed_no_full_text_listed,full_text_no_delay_listed
OM_OR_core,Journal of Supply Chain Management,1523-2409,Wiley-Blackwell,https://about.ebsco.com/m/ee/Marketing/titleLists/bsu-journals.htm,EBSCO Ultimate title list,Journal of Supply Chain Management,candidate scope; not measured article coverage,indexed_no_full_text_listed,indexed_no_full_text_listed,full_text_embargo
OM_OR_core,Journal of Business Logistics,0735-3766,Wiley-Blackwell,https://about.ebsco.com/m/ee/Marketing/titleLists/bsu-journals.htm,EBSCO Ultimate title list,Journal of Business Logistics,candidate scope; not measured article coverage,full_text_embargo,full_text_embargo,full_text_embargo
OM_OR_core,Supply Chain Management: An International Journal,1359-8546 | 1758-6852,Emerald (MCB UP),https://api.crossref.org/journals?query=Supply+Chain+Management%3A+An+International+Journal&rows=3,Crossref journal metadata,Supply Chain Management An International Journal,candidate scope; not measured article coverage,indexed_no_full_text_listed,indexed_no_full_text_listed,indexed_no_full_text_listed
OM_OR_core,International Journal of Operations & Production Management,0144-3577,Emerald Publishing Limited,https://about.ebsco.com/m/ee/Marketing/titleLists/bsu-journals.htm,EBSCO Ultimate title list,International Journal of Operations & Production Management,candidate scope; not measured article coverage,indexed_no_full_text_listed,indexed_no_full_text_listed,indexed_no_full_text_listed
OM_OR_core,International Journal of Physical Distribution & Logistics Management,0960-0035,Emerald Publishing Limited,https://about.ebsco.com/m/ee/Marketing/titleLists/bsu-journals.htm,EBSCO Ultimate title list,International Journal of Physical Distribution & Logistics Management,candidate scope; not measured article coverage,indexed_no_full_text_listed,indexed_no_full_text_listed,indexed_no_full_text_listed
OM_OR_core,Transportation Science,0041-1655,INFORMS: Institute for Operations Research & the Management Sciences,https://about.ebsco.com/m/ee/Marketing/titleLists/bsu-journals.htm,EBSCO Ultimate title list,Transportation Science (INFORMS),candidate scope; not measured article coverage,full_text_no_delay_listed,full_text_no_delay_listed,full_text_no_delay_listed
OM_OR_core,Transportation Research Part A: Policy & Practice,0965-8564,Pergamon Press - An Imprint of Elsevier Science,https://about.ebsco.com/m/ee/Marketing/titleLists/bsu-journals.htm,EBSCO Ultimate title list,Transportation Research Part A: Policy & Practice,candidate scope; not measured article coverage,indexed_no_full_text_listed,indexed_no_full_text_listed,indexed_no_full_text_listed
OM_OR_core,Transportation Research Part B: Methodological,0191-2615,Pergamon Press - An Imprint of Elsevier Science,https://about.ebsco.com/m/ee/Marketing/titleLists/bsu-journals.htm,EBSCO Ultimate title list,Transportation Research Part B: Methodological,candidate scope; not measured article coverage,indexed_no_full_text_listed,indexed_no_full_text_listed,indexed_no_full_text_listed
OM_OR_core,Transportation Research Part C: Emerging Technologies,0968-090X,Pergamon Press - An Imprint of Elsevier Science,https://about.ebsco.com/m/ee/Marketing/titleLists/bsu-journals.htm,EBSCO Ultimate title list,Transportation Research Part C: Emerging Technologies,candidate scope; not measured article coverage,indexed_no_full_text_listed,indexed_no_full_text_listed,indexed_no_full_text_listed
OM_OR_core,Transportation Research Part D: Transport & Environment,1361-9209,Pergamon Press - An Imprint of Elsevier Science,https://about.ebsco.com/m/ee/Marketing/titleLists/bsu-journals.htm,EBSCO Ultimate title list,Transportation Research Part D: Transport & Environment,candidate scope; not measured article coverage,indexed_no_full_text_listed,indexed_no_full_text_listed,indexed_no_full_text_listed
OM_OR_core,Transportation Research Part E: Logistics & Transportation Review,1366-5545,Pergamon Press - An Imprint of Elsevier Science,https://about.ebsco.com/m/ee/Marketing/titleLists/bsu-journals.htm,EBSCO Ultimate title list,Transportation Research Part E: Logistics & Transportation Review,candidate scope; not measured article coverage,indexed_no_full_text_listed,indexed_no_full_text_listed,indexed_no_full_text_listed
OM_OR_core,Naval Research Logistics,0894-069X,Wiley-Blackwell,https://about.ebsco.com/m/ee/Marketing/titleLists/bsu-journals.htm,EBSCO Ultimate title list,Naval Research Logistics,candidate scope; not measured article coverage,full_text_embargo,full_text_embargo,full_text_embargo
OM_OR_core,IISE Transactions,2472-5854,Taylor & Francis Ltd,https://about.ebsco.com/m/ee/Marketing/titleLists/bsu-journals.htm,EBSCO Ultimate title list,IISE Transactions,candidate scope; not measured article coverage,full_text_embargo,full_text_embargo,full_text_embargo
OM_OR_core,IIE Transactions,0740-817X,Taylor & Francis Ltd,https://about.ebsco.com/m/ee/Marketing/titleLists/bsu-journals.htm,EBSCO Ultimate title list,IIE Transactions,historical title,full_text_ended,full_text_ended,full_text_ended
OM_OR_core,Service Science,2164-3962,INFORMS: Institute for Operations Research & the Management Sciences,https://about.ebsco.com/m/ee/Marketing/titleLists/bsu-journals.htm,EBSCO Ultimate title list,Service Science (INFORMS),candidate scope; not measured article coverage,full_text_no_delay_listed,full_text_no_delay_listed,full_text_no_delay_listed
OM_OR_core,Service Industries Journal,0264-2069,Taylor & Francis Ltd,https://about.ebsco.com/m/ee/Marketing/titleLists/bsu-journals.htm,EBSCO Ultimate title list,Service Industries Journal,candidate scope; not measured article coverage,full_text_embargo,full_text_embargo,full_text_embargo
OM_OR_core,Journal of Service Research,1094-6705,Sage Publications,https://about.ebsco.com/m/ee/Marketing/titleLists/bsu-journals.htm,EBSCO Ultimate title list,Journal of Service Research,candidate scope; not measured article coverage,indexed_no_full_text_listed,indexed_no_full_text_listed,full_text_no_delay_listed
OM_OR_core,Health Care Management Science,1386-9620,Springer Nature,https://about.ebsco.com/m/ee/Marketing/titleLists/bsu-journals.htm,EBSCO Ultimate title list,Health Care Management Science,candidate scope; not measured article coverage,indexed_no_full_text_listed,full_text_embargo,full_text_embargo
OM_OR_core,Omega,0305-0483,Pergamon Press - An Imprint of Elsevier Science,https://about.ebsco.com/m/ee/Marketing/titleLists/bsu-journals.htm,EBSCO Ultimate title list,Omega,candidate scope; not measured article coverage,indexed_no_full_text_listed,indexed_no_full_text_listed,indexed_no_full_text_listed
OM_OR_core,Computers & Operations Research,0305-0548,Pergamon Press - An Imprint of Elsevier Science,https://about.ebsco.com/m/ee/Marketing/titleLists/bsu-journals.htm,EBSCO Ultimate title list,Computers & Operations Research,candidate scope; not measured article coverage,indexed_no_full_text_listed,indexed_no_full_text_listed,indexed_no_full_text_listed
OM_OR_core,Computers & Industrial Engineering,0360-8352,Pergamon Press - An Imprint of Elsevier Science,https://about.ebsco.com/m/ee/Marketing/titleLists/bsu-journals.htm,EBSCO Ultimate title list,Computers & Industrial Engineering,candidate scope; not measured article coverage,indexed_no_full_text_listed,indexed_no_full_text_listed,indexed_no_full_text_listed
OR_optimization_probability,Mathematics of Operations Research,0364-765X,INFORMS: Institute for Operations Research & the Management Sciences,https://about.ebsco.com/m/ee/Marketing/titleLists/bsu-journals.htm,EBSCO Ultimate title list,Mathematics of Operations Research (INFORMS),candidate scope; not measured article coverage,full_text_no_delay_listed,full_text_no_delay_listed,full_text_no_delay_listed
OR_optimization_probability,INFORMS Journal on Computing,1091-9856,INFORMS: Institute for Operations Research & the Management Sciences,https://about.ebsco.com/m/ee/Marketing/titleLists/bsu-journals.htm,EBSCO Ultimate title list,INFORMS Journal on Computing,candidate scope; not measured article coverage,full_text_no_delay_listed,full_text_no_delay_listed,full_text_no_delay_listed
OR_optimization_probability,INFORMS Journal on Optimization,2575-1484,INFORMS: Institute for Operations Research & the Management Sciences,https://about.ebsco.com/m/ee/Marketing/titleLists/bsu-journals.htm,EBSCO Ultimate title list,INFORMS Journal on Optimization,candidate scope; not measured article coverage,full_text_no_delay_listed,full_text_no_delay_listed,full_text_no_delay_listed
OR_optimization_probability,INFORMS Journal on Data Science,2694-4022,INFORMS: Institute for Operations Research & the Management Sciences,https://about.ebsco.com/m/ee/Marketing/titleLists/bsu-journals.htm,EBSCO Ultimate title list,INFORMS Journal on Data Science,candidate scope; not measured article coverage,full_text_no_delay_listed,full_text_no_delay_listed,full_text_no_delay_listed
OR_optimization_probability,INFORMS Journal on Applied Analytics,2644-0865,INFORMS: Institute for Operations Research & the Management Sciences,https://about.ebsco.com/m/ee/Marketing/titleLists/bsu-journals.htm,EBSCO Ultimate title list,INFORMS Journal on Applied Analytics,candidate scope; not measured article coverage,full_text_no_delay_listed,full_text_no_delay_listed,full_text_no_delay_listed
OR_optimization_probability,Interfaces,1526-551X,INFORMS: Institute for Operations Research & the Management Sciences,https://about.ebsco.com/m/ee/Marketing/titleLists/bsu-journals.htm,EBSCO Ultimate title list,Interfaces,historical title,full_text_ended,full_text_ended,full_text_ended
OR_optimization_probability,Decision Analysis,1545-8490,INFORMS: Institute for Operations Research & the Management Sciences,https://about.ebsco.com/m/ee/Marketing/titleLists/bsu-journals.htm,EBSCO Ultimate title list,Decision Analysis (INFORMS),candidate scope; not measured article coverage,full_text_no_delay_listed,full_text_no_delay_listed,full_text_no_delay_listed
OR_optimization_probability,Stochastic Systems,1946-5238,INFORMS: Institute for Operations Research & the Management Sciences,https://about.ebsco.com/m/ee/Marketing/titleLists/bsu-journals.htm,EBSCO Ultimate title list,Stochastic Systems (INFORMS),candidate scope; not measured article coverage,full_text_no_delay_listed,full_text_no_delay_listed,full_text_no_delay_listed
OR_optimization_probability,INFORMS Transactions on Education,1532-0545,INFORMS: Institute for Operations Research & the Management Sciences,https://about.ebsco.com/m/ee/Marketing/titleLists/bsu-journals.htm,EBSCO Ultimate title list,INFORMS Transactions on Education,candidate scope; not measured article coverage,full_text_no_delay_listed,full_text_no_delay_listed,full_text_no_delay_listed
OR_optimization_probability,Operations Research Letters,0167-6377,Elsevier Science,https://about.ebsco.com/m/ee/Marketing/titleLists/bsu-journals.htm,EBSCO Ultimate title list,Operations Research Letters,candidate scope; not measured article coverage,indexed_no_full_text_listed,indexed_no_full_text_listed,indexed_no_full_text_listed
OR_optimization_probability,Annals of Operations Research,0254-5330,Springer Nature,https://about.ebsco.com/m/ee/Marketing/titleLists/bsu-journals.htm,EBSCO Ultimate title list,Annals of Operations Research,candidate scope; not measured article coverage,indexed_no_full_text_listed,full_text_embargo,full_text_embargo
OR_optimization_probability,Journal of the Operational Research Society,0160-5682,Taylor & Francis Ltd,https://about.ebsco.com/m/ee/Marketing/titleLists/bsu-journals.htm,EBSCO Ultimate title list,Journal of the Operational Research Society,candidate scope; not measured article coverage,indexed_no_full_text_listed,indexed_no_full_text_listed,indexed_no_full_text_listed
OR_optimization_probability,Mathematical Programming,0025-5610,Springer Nature,https://about.ebsco.com/m/ee/Marketing/titleLists/bsu-journals.htm,EBSCO Ultimate title list,Mathematical Programming,candidate scope; not measured article coverage,full_text_embargo,full_text_embargo,full_text_embargo
OR_optimization_probability,Mathematical Programming Computation,1867-2949 | 1867-2957,Springer-Verlag,https://api.crossref.org/journals?query=Mathematical+Programming+Computation&rows=3,Crossref journal metadata,Mathematical Programming Computation,candidate scope; not measured article coverage,not_found_by_observed_issn,not_found_by_observed_issn,not_found_by_observed_issn
OR_optimization_probability,SIAM Journal on Optimization,1052-6234,Society for Industrial & Applied Mathematics,https://about.ebsco.com/m/ee/Marketing/titleLists/bsu-journals.htm,EBSCO Ultimate title list,SIAM Journal on Optimization,candidate scope; not measured article coverage,full_text_ended,full_text_ended,full_text_ended
OR_optimization_probability,Optimization,0233-1934 | 1029-4945,Informa UK (Taylor & Francis),https://api.crossref.org/journals/0233-1934,Crossref journal metadata,Optimization,candidate scope; not measured article coverage,not_found_by_observed_issn,not_found_by_observed_issn,not_found_by_observed_issn
OR_optimization_probability,Optimization Letters,1862-4472 | 1862-4480,Springer-Verlag,https://api.crossref.org/journals?query=Optimization+Letters&rows=3,Crossref journal metadata,Optimization Letters,candidate scope; not measured article coverage,not_found_by_observed_issn,not_found_by_observed_issn,not_found_by_observed_issn
OR_optimization_probability,Journal of Global Optimization,0925-5001 | 1573-2916,Springer-Verlag,https://api.crossref.org/journals?query=Journal+of+Global+Optimization&rows=3,Crossref journal metadata,Journal of Global Optimization,candidate scope; not measured article coverage,not_found_by_observed_issn,not_found_by_observed_issn,not_found_by_observed_issn
OR_optimization_probability,Journal of Optimization Theory & Applications,0022-3239 | 1573-2878,Springer Science+Business Media,https://api.openalex.org/sources?search=Journal+of+Optimization+Theory+%26+Applications&per-page=3,OpenAlex source metadata,Journal of Optimization Theory and Applications,candidate scope; not measured article coverage,not_found_by_observed_issn,not_found_by_observed_issn,not_found_by_observed_issn
OR_optimization_probability,Mathematical Methods of Operations Research,1432-2994,Springer Nature,https://about.ebsco.com/m/ee/Marketing/titleLists/bsu-journals.htm,EBSCO Ultimate title list,Mathematical Methods of Operations Research,candidate scope; not measured article coverage,full_text_embargo,full_text_embargo,full_text_embargo
OR_optimization_probability,Queueing Systems,0257-0130 | 1572-9443,Springer Nature,https://link.springer.com/journal/11134,Publisher journal page,Queueing Systems,candidate scope; not measured article coverage,not_found_by_observed_issn,not_found_by_observed_issn,not_found_by_observed_issn
OR_optimization_probability,Stochastic Models,1532-6349,Taylor & Francis Ltd,https://about.ebsco.com/m/ee/Marketing/titleLists/bsu-journals.htm,EBSCO Ultimate title list,Stochastic Models,candidate scope; not measured article coverage,full_text_embargo,full_text_embargo,full_text_embargo
OR_optimization_probability,Operations Research Perspectives,2214-7160,Elsevier,https://api.crossref.org/journals?query=Operations+Research+Perspectives&rows=3,Crossref journal metadata,Operations Research Perspectives,candidate scope; not measured article coverage,not_found_by_observed_issn,not_found_by_observed_issn,not_found_by_observed_issn
OR_optimization_probability,Journal of Applied Probability,0021-9002 | 1475-6072,Cambridge University Press,https://api.openalex.org/sources?search=Journal+of+Applied+Probability&per-page=3,OpenAlex source metadata,Journal of Applied Probability,candidate scope; not measured article coverage,not_found_by_observed_issn,not_found_by_observed_issn,not_found_by_observed_issn
OR_optimization_probability,Advances in Applied Probability,0001-8678 | 1475-6064,Cambridge University Press,https://api.crossref.org/journals?query=Advances+in+Applied+Probability&rows=3,Crossref journal metadata,Advances in Applied Probability,candidate scope; not measured article coverage,not_found_by_observed_issn,not_found_by_observed_issn,not_found_by_observed_issn
OR_optimization_probability,Annals of Applied Probability,1050-5164,Institute of Mathematical Statistics,https://about.ebsco.com/m/ee/Marketing/titleLists/bsu-journals.htm,EBSCO Ultimate title list,Annals of Applied Probability,candidate scope; not measured article coverage,indexed_no_full_text_listed,indexed_no_full_text_listed,indexed_no_full_text_listed
OR_optimization_probability,Annals of Probability,0091-1798 | 2168-894X,Institute of Mathematical Statistics,https://api.crossref.org/journals?query=Annals+of+Probability&rows=3,Crossref journal metadata,The Annals of Probability,candidate scope; not measured article coverage,not_found_by_observed_issn,not_found_by_observed_issn,not_found_by_observed_issn
OR_optimization_probability,Probability Theory & Related Fields,0178-8051,Springer Nature,https://about.ebsco.com/m/ee/Marketing/titleLists/bsu-journals.htm,EBSCO Ultimate title list,Probability Theory & Related Fields,candidate scope; not measured article coverage,full_text_embargo,full_text_embargo,full_text_embargo
OR_optimization_probability,Stochastic Processes & Their Applications,0304-4149 | 1879-209X,Elsevier BV,https://api.openalex.org/sources?search=Stochastic+Processes+%26+Their+Applications&per-page=3,OpenAlex source metadata,Stochastic Processes and their Applications,candidate scope; not measured article coverage,not_found_by_observed_issn,not_found_by_observed_issn,not_found_by_observed_issn
management_IS_marketing,Marketing Science,0732-2399,INFORMS: Institute for Operations Research & the Management Sciences,https://about.ebsco.com/m/ee/Marketing/titleLists/bsu-journals.htm,EBSCO Ultimate title list,Marketing Science (INFORMS),candidate scope; not measured article coverage,full_text_no_delay_listed,full_text_no_delay_listed,full_text_no_delay_listed
management_IS_marketing,Organization Science,1047-7039,INFORMS: Institute for Operations Research & the Management Sciences,https://about.ebsco.com/m/ee/Marketing/titleLists/bsu-journals.htm,EBSCO Ultimate title list,Organization Science (INFORMS),candidate scope; not measured article coverage,full_text_no_delay_listed,full_text_no_delay_listed,full_text_no_delay_listed
management_IS_marketing,Strategy Science,2333-2050,INFORMS: Institute for Operations Research & the Management Sciences,https://about.ebsco.com/m/ee/Marketing/titleLists/bsu-journals.htm,EBSCO Ultimate title list,Strategy Science (INFORMS),candidate scope; not measured article coverage,full_text_no_delay_listed,full_text_no_delay_listed,full_text_no_delay_listed
management_IS_marketing,Information Systems Research,1047-7047,INFORMS: Institute for Operations Research & the Management Sciences,https://about.ebsco.com/m/ee/Marketing/titleLists/bsu-journals.htm,EBSCO Ultimate title list,Information Systems Research (INFORMS),candidate scope; not measured article coverage,full_text_no_delay_listed,full_text_no_delay_listed,full_text_no_delay_listed
management_IS_marketing,MIS Quarterly,0276-7783 | 2162-9730,MIS Quarterly,https://api.crossref.org/journals?query=MIS+Quarterly&rows=3,Crossref journal metadata,MIS Quarterly,candidate scope; not measured article coverage,full_text_no_delay_listed,full_text_no_delay_listed,full_text_no_delay_listed
management_IS_marketing,Journal of Management Information Systems,0742-1222,Taylor & Francis Ltd,https://about.ebsco.com/m/ee/Marketing/titleLists/bsu-journals.htm,EBSCO Ultimate title list,Journal of Management Information Systems,candidate scope; not measured article coverage,indexed_no_full_text_listed,indexed_no_full_text_listed,full_text_no_delay_listed
management_IS_marketing,Journal of the Association for Information Systems,1536-9323,Association for Information Systems,https://about.ebsco.com/m/ee/Marketing/titleLists/bsu-journals.htm,EBSCO Ultimate title list,Journal of the Association for Information Systems,candidate scope; not measured article coverage,indexed_no_full_text_listed,indexed_no_full_text_listed,full_text_embargo
management_IS_marketing,Decision Support Systems,0167-9236,Elsevier Science,https://about.ebsco.com/m/ee/Marketing/titleLists/bsu-journals.htm,EBSCO Ultimate title list,Decision Support Systems,candidate scope; not measured article coverage,indexed_no_full_text_listed,indexed_no_full_text_listed,indexed_no_full_text_listed
management_IS_marketing,Information & Management,0378-7206,Elsevier Science,https://about.ebsco.com/m/ee/Marketing/titleLists/bsu-journals.htm,EBSCO Ultimate title list,Information & Management,candidate scope; not measured article coverage,indexed_no_full_text_listed,indexed_no_full_text_listed,indexed_no_full_text_listed
management_IS_marketing,Journal of Marketing,0022-2429,American Marketing Association,https://about.ebsco.com/m/ee/Marketing/titleLists/bsu-journals.htm,EBSCO Ultimate title list,Journal of Marketing,candidate scope; not measured article coverage,full_text_no_delay_listed,full_text_no_delay_listed,full_text_no_delay_listed
management_IS_marketing,Journal of Marketing Research,0022-2437,American Marketing Association,https://about.ebsco.com/m/ee/Marketing/titleLists/bsu-journals.htm,EBSCO Ultimate title list,Journal of Marketing Research (JMR),candidate scope; not measured article coverage,full_text_no_delay_listed,full_text_no_delay_listed,full_text_no_delay_listed
management_IS_marketing,Journal of Consumer Research,0093-5301,Oxford University Press,https://about.ebsco.com/m/ee/Marketing/titleLists/bsu-journals.htm,EBSCO Ultimate title list,Journal of Consumer Research,candidate scope; not measured article coverage,full_text_no_delay_listed,full_text_no_delay_listed,full_text_no_delay_listed
management_IS_marketing,Journal of Consumer Psychology,1057-7408,Taylor & Francis Ltd | Wiley-Blackwell,https://about.ebsco.com/m/ee/Marketing/titleLists/bsu-journals.htm,EBSCO Ultimate title list,"Journal of Consumer Psychology (John Wiley & Sons, Inc. )",candidate scope; not measured article coverage,full_text_ended | indexed_no_full_text_listed,full_text_ended | indexed_no_full_text_listed,full_text_embargo | full_text_ended
management_IS_marketing,Marketing Letters,0923-0645,Springer Nature,https://about.ebsco.com/m/ee/Marketing/titleLists/bsu-journals.htm,EBSCO Ultimate title list,Marketing Letters,candidate scope; not measured article coverage,indexed_no_full_text_listed,full_text_embargo,full_text_embargo
management_IS_marketing,Quantitative Marketing & Economics,1570-7156,Springer Nature,https://about.ebsco.com/m/ee/Marketing/titleLists/bsu-journals.htm,EBSCO Ultimate title list,Quantitative Marketing & Economics,candidate scope; not measured article coverage,indexed_no_full_text_listed,full_text_embargo,full_text_embargo
management_IS_marketing,Academy of Management Journal,0001-4273,Academy of Management,https://about.ebsco.com/m/ee/Marketing/titleLists/bsu-journals.htm,EBSCO Ultimate title list,Academy of Management Journal,candidate scope; not measured article coverage,full_text_no_delay_listed,full_text_no_delay_listed,full_text_no_delay_listed
management_IS_marketing,Academy of Management Review,0363-7425,Academy of Management,https://about.ebsco.com/m/ee/Marketing/titleLists/bsu-journals.htm,EBSCO Ultimate title list,Academy of Management Review,candidate scope; not measured article coverage,full_text_no_delay_listed,full_text_no_delay_listed,full_text_no_delay_listed
management_IS_marketing,Academy of Management Annals,1941-6520,Academy of Management,https://about.ebsco.com/m/ee/Marketing/titleLists/bsu-journals.htm,EBSCO Ultimate title list,Academy of Management Annals,candidate scope; not measured article coverage,full_text_no_delay_listed,full_text_no_delay_listed,full_text_no_delay_listed
management_IS_marketing,Strategic Management Journal,0143-2095,"John Wiley & Sons, Inc.",https://about.ebsco.com/m/ee/Marketing/titleLists/bsu-journals.htm,EBSCO Ultimate title list,"Strategic Management Journal (John Wiley & Sons, Inc.)",candidate scope; not measured article coverage,indexed_no_full_text_listed,indexed_no_full_text_listed,full_text_ended | full_text_no_delay_listed
management_IS_marketing,Strategic Entrepreneurship Journal,1932-4391,Wiley-Blackwell,https://about.ebsco.com/m/ee/Marketing/titleLists/bsu-journals.htm,EBSCO Ultimate title list,Strategic Entrepreneurship Journal,candidate scope; not measured article coverage,indexed_no_full_text_listed,indexed_no_full_text_listed,full_text_embargo
management_IS_marketing,Administrative Science Quarterly,0001-8392,Administrative Science Quarterly,https://about.ebsco.com/m/ee/Marketing/titleLists/bsu-journals.htm,EBSCO Ultimate title list,Administrative Science Quarterly,candidate scope; not measured article coverage,full_text_no_delay_listed,full_text_no_delay_listed,full_text_no_delay_listed
management_IS_marketing,Journal of Management,0149-2063,Sage Publications,https://about.ebsco.com/m/ee/Marketing/titleLists/bsu-journals.htm,EBSCO Ultimate title list,Journal of Management,candidate scope; not measured article coverage,indexed_no_full_text_listed,indexed_no_full_text_listed,full_text_no_delay_listed
management_IS_marketing,Journal of Management Studies,0022-2380,"John Wiley & Sons, Inc. | Wiley-Blackwell",https://about.ebsco.com/m/ee/Marketing/titleLists/bsu-journals.htm,EBSCO Ultimate title list,"Journal of Management Studies (John Wiley & Sons, Inc.)",candidate scope; not measured article coverage,indexed_no_full_text_listed,indexed_no_full_text_listed,full_text_ended | full_text_no_delay_listed
management_IS_marketing,Research Policy,0048-7333,Elsevier Science,https://about.ebsco.com/m/ee/Marketing/titleLists/bsu-journals.htm,EBSCO Ultimate title list,Research Policy,candidate scope; not measured article coverage,indexed_no_full_text_listed,indexed_no_full_text_listed,indexed_no_full_text_listed
management_IS_marketing,Organizational Behavior & Human Decision Processes,0749-5978,Academic Press,https://about.ebsco.com/m/ee/Marketing/titleLists/bsu-journals.htm,EBSCO Ultimate title list,Organizational Behavior & Human Decision Processes,candidate scope; not measured article coverage,indexed_no_full_text_listed,indexed_no_full_text_listed,indexed_no_full_text_listed
management_IS_marketing,Psychological Science,0956-7976,Sage Publications Inc.,https://about.ebsco.com/m/ee/Marketing/titleLists/bsu-journals.htm,EBSCO Ultimate title list,Psychological Science (0956-7976),candidate scope; not measured article coverage,full_text_ended,full_text_ended,full_text_ended
economics,American Economic Review,0002-8282,American Economic Association,https://about.ebsco.com/m/ee/Marketing/titleLists/bsu-journals.htm,EBSCO Ultimate title list,American Economic Review,candidate scope; not measured article coverage,full_text_embargo,full_text_embargo,full_text_embargo
economics,American Economic Review: Insights,2640-205X | 2640-2068,American Economic Association,https://api.openalex.org/sources?search=American+Economic+Review%3A+Insights&per-page=3,OpenAlex source metadata,American Economic Review Insights,candidate scope; not measured article coverage,not_found_by_observed_issn,not_found_by_observed_issn,not_found_by_observed_issn
economics,American Economic Journal: Applied Economics,1945-7782 | 1945-7790,American Economic Association,https://api.crossref.org/journals?query=American+Economic+Journal%3A+Applied+Economics&rows=3,Crossref journal metadata,American Economic Journal Applied Economics,candidate scope; not measured article coverage,not_found_by_observed_issn,not_found_by_observed_issn,not_found_by_observed_issn
economics,American Economic Journal: Economic Policy,1945-7731 | 1945-774X,American Economic Association,https://api.crossref.org/journals?query=American+Economic+Journal%3A+Economic+Policy&rows=3,Crossref journal metadata,American Economic Journal Economic Policy,candidate scope; not measured article coverage,not_found_by_observed_issn,not_found_by_observed_issn,not_found_by_observed_issn
economics,American Economic Journal: Macroeconomics,1945-7707 | 1945-7715,American Economic Association,https://api.crossref.org/journals?query=American+Economic+Journal%3A+Macroeconomics&rows=3,Crossref journal metadata,American Economic Journal Macroeconomics,candidate scope; not measured article coverage,not_found_by_observed_issn,not_found_by_observed_issn,not_found_by_observed_issn
economics,American Economic Journal: Microeconomics,1945-7669 | 1945-7685,American Economic Association,https://api.crossref.org/journals?query=American+Economic+Journal%3A+Microeconomics&rows=3,Crossref journal metadata,American Economic Journal Microeconomics,candidate scope; not measured article coverage,not_found_by_observed_issn,not_found_by_observed_issn,not_found_by_observed_issn
economics,Journal of Economic Literature,0022-0515,American Economic Association,https://about.ebsco.com/m/ee/Marketing/titleLists/bsu-journals.htm,EBSCO Ultimate title list,Journal of Economic Literature,candidate scope; not measured article coverage,full_text_embargo,full_text_embargo,full_text_embargo
economics,Journal of Economic Perspectives,0895-3309,American Economic Association,https://about.ebsco.com/m/ee/Marketing/titleLists/bsu-journals.htm,EBSCO Ultimate title list,Journal of Economic Perspectives,candidate scope; not measured article coverage,full_text_no_delay_listed,full_text_no_delay_listed,full_text_no_delay_listed
economics,AEA Papers & Proceedings,2574-0768,American Economic Association,https://about.ebsco.com/m/ee/Marketing/titleLists/bsu-journals.htm,EBSCO Ultimate title list,AEA Papers & Proceedings,candidate scope; not measured article coverage,full_text_embargo,full_text_embargo,full_text_embargo
economics,Econometrica,0012-9682,Wiley-Blackwell,https://about.ebsco.com/m/ee/Marketing/titleLists/bsu-journals.htm,EBSCO Ultimate title list,Econometrica,candidate scope; not measured article coverage,indexed_no_full_text_listed,indexed_no_full_text_listed,indexed_no_full_text_listed
economics,Quarterly Journal of Economics,0033-5533,Oxford University Press,https://about.ebsco.com/m/ee/Marketing/titleLists/bsu-journals.htm,EBSCO Ultimate title list,Quarterly Journal of Economics,candidate scope; not measured article coverage,indexed_no_full_text_listed,indexed_no_full_text_listed,full_text_embargo
economics,Journal of Political Economy,0022-3808,University of Chicago Press,https://about.ebsco.com/m/ee/Marketing/titleLists/bsu-journals.htm,EBSCO Ultimate title list,Journal of Political Economy,candidate scope; not measured article coverage,indexed_no_full_text_listed,indexed_no_full_text_listed,full_text_embargo
economics,Journal of Political Economy Microeconomics,2832-9368,University of Chicago Press,https://about.ebsco.com/m/ee/Marketing/titleLists/bsu-journals.htm,EBSCO Ultimate title list,Journal of Political Economy Microeconomics,candidate scope; not measured article coverage,indexed_no_full_text_listed,indexed_no_full_text_listed,full_text_embargo
economics,Journal of Political Economy Macroeconomics,2832-9341,University of Chicago Press,https://about.ebsco.com/m/ee/Marketing/titleLists/bsu-journals.htm,EBSCO Ultimate title list,Journal of Political Economy Macroeconomics,candidate scope; not measured article coverage,indexed_no_full_text_listed,indexed_no_full_text_listed,full_text_embargo
economics,Review of Economic Studies,0034-6527,Oxford University Press,https://about.ebsco.com/m/ee/Marketing/titleLists/bsu-journals.htm,EBSCO Ultimate title list,Review of Economic Studies,candidate scope; not measured article coverage,full_text_embargo,full_text_embargo,full_text_embargo
economics,Review of Economics & Statistics,0034-6535,MIT Press,https://about.ebsco.com/m/ee/Marketing/titleLists/bsu-journals.htm,EBSCO Ultimate title list,Review of Economics & Statistics,candidate scope; not measured article coverage,indexed_no_full_text_listed,indexed_no_full_text_listed,full_text_embargo
economics,Journal of the European Economic Association,1542-4766,Oxford University Press,https://about.ebsco.com/m/ee/Marketing/titleLists/bsu-journals.htm,EBSCO Ultimate title list,Journal of the European Economic Association,candidate scope; not measured article coverage,full_text_embargo,full_text_embargo,full_text_embargo
economics,Economic Journal,0013-0133,Oxford University Press,https://about.ebsco.com/m/ee/Marketing/titleLists/bsu-journals.htm,EBSCO Ultimate title list,Economic Journal,candidate scope; not measured article coverage,full_text_embargo,full_text_embargo,full_text_embargo
economics,International Economic Review,0020-6598,Wiley-Blackwell,https://about.ebsco.com/m/ee/Marketing/titleLists/bsu-journals.htm,EBSCO Ultimate title list,International Economic Review,candidate scope; not measured article coverage,full_text_embargo,full_text_embargo,full_text_embargo
economics,European Economic Review,0014-2921,Elsevier Science,https://about.ebsco.com/m/ee/Marketing/titleLists/bsu-journals.htm,EBSCO Ultimate title list,European Economic Review,candidate scope; not measured article coverage,indexed_no_full_text_listed,indexed_no_full_text_listed,indexed_no_full_text_listed
economics,Economic Inquiry,0095-2583,Wiley-Blackwell,https://about.ebsco.com/m/ee/Marketing/titleLists/bsu-journals.htm,EBSCO Ultimate title list,Economic Inquiry,candidate scope; not measured article coverage,indexed_no_full_text_listed,indexed_no_full_text_listed,indexed_no_full_text_listed
economics,Economic Theory,0938-2259,Springer Nature,https://about.ebsco.com/m/ee/Marketing/titleLists/bsu-journals.htm,EBSCO Ultimate title list,Economic Theory,candidate scope; not measured article coverage,full_text_embargo,full_text_embargo,full_text_embargo
economics,Journal of Economic Theory,0022-0531,Academic Press,https://about.ebsco.com/m/ee/Marketing/titleLists/bsu-journals.htm,EBSCO Ultimate title list,Journal of Economic Theory,candidate scope; not measured article coverage,indexed_no_full_text_listed,indexed_no_full_text_listed,indexed_no_full_text_listed
economics,Theoretical Economics,1555-7561,Wiley-Blackwell,https://about.ebsco.com/m/ee/Marketing/titleLists/bsu-journals.htm,EBSCO Ultimate title list,Theoretical Economics,candidate scope; not measured article coverage,indexed_no_full_text_listed,indexed_no_full_text_listed,indexed_no_full_text_listed
economics,Quantitative Economics,1759-7323,Wiley-Blackwell,https://about.ebsco.com/m/ee/Marketing/titleLists/bsu-journals.htm,EBSCO Ultimate title list,Quantitative Economics,candidate scope; not measured article coverage,indexed_no_full_text_listed,full_text_no_delay_listed,full_text_no_delay_listed
economics,Games & Economic Behavior,0899-8256 | 1090-2473,Elsevier BV,https://api.openalex.org/sources?search=Games+%26+Economic+Behavior&per-page=3,OpenAlex source metadata,Games and Economic Behavior,candidate scope; not measured article coverage,not_found_by_observed_issn,not_found_by_observed_issn,not_found_by_observed_issn
economics,International Journal of Game Theory,0020-7276,Springer Nature,https://about.ebsco.com/m/ee/Marketing/titleLists/bsu-journals.htm,EBSCO Ultimate title list,International Journal of Game Theory,candidate scope; not measured article coverage,full_text_embargo,full_text_embargo,full_text_embargo
economics,Journal of Industrial Economics,0022-1821,Wiley-Blackwell,https://about.ebsco.com/m/ee/Marketing/titleLists/bsu-journals.htm,EBSCO Ultimate title list,Journal of Industrial Economics,candidate scope; not measured article coverage,full_text_embargo,full_text_embargo,full_text_embargo
economics,International Journal of Industrial Organization,0167-7187,Elsevier Science,https://about.ebsco.com/m/ee/Marketing/titleLists/bsu-journals.htm,EBSCO Ultimate title list,International Journal of Industrial Organization,candidate scope; not measured article coverage,indexed_no_full_text_listed,indexed_no_full_text_listed,indexed_no_full_text_listed
economics,RAND Journal of Economics,0741-6261,RAND Journal of Economics | Wiley-Blackwell,https://about.ebsco.com/m/ee/Marketing/titleLists/bsu-journals.htm,EBSCO Ultimate title list,RAND Journal of Economics (RAND Journal of Economics),candidate scope; not measured article coverage,full_text_embargo | full_text_ended,full_text_embargo | full_text_ended,full_text_embargo | full_text_ended
economics,Journal of Economics & Management Strategy,1058-6407,Wiley-Blackwell,https://about.ebsco.com/m/ee/Marketing/titleLists/bsu-journals.htm,EBSCO Ultimate title list,Journal of Economics & Management Strategy,candidate scope; not measured article coverage,full_text_embargo,full_text_embargo,full_text_embargo
economics,Experimental Economics,1386-4157 | 1573-6938,Springer Science+Business Media,https://api.openalex.org/sources?search=Experimental+Economics&per-page=3,OpenAlex source metadata,Experimental Economics,candidate scope; not measured article coverage,not_found_by_observed_issn,not_found_by_observed_issn,not_found_by_observed_issn
economics,Journal of Economic Behavior & Organization,0167-2681,Elsevier B.V.,https://about.ebsco.com/m/ee/Marketing/titleLists/bsu-journals.htm,EBSCO Ultimate title list,Journal of Economic Behavior & Organization,candidate scope; not measured article coverage,indexed_no_full_text_listed,indexed_no_full_text_listed,indexed_no_full_text_listed
economics,Journal of Public Economics,0047-2727,Elsevier B.V.,https://about.ebsco.com/m/ee/Marketing/titleLists/bsu-journals.htm,EBSCO Ultimate title list,Journal of Public Economics,candidate scope; not measured article coverage,indexed_no_full_text_listed,indexed_no_full_text_listed,indexed_no_full_text_listed
economics,Journal of Labor Economics,0734-306X,University of Chicago Press,https://about.ebsco.com/m/ee/Marketing/titleLists/bsu-journals.htm,EBSCO Ultimate title list,Journal of Labor Economics,candidate scope; not measured article coverage,indexed_no_full_text_listed,indexed_no_full_text_listed,full_text_embargo
economics,Journal of Human Resources,0022-166X,University of Wisconsin Press,https://about.ebsco.com/m/ee/Marketing/titleLists/bsu-journals.htm,EBSCO Ultimate title list,Journal of Human Resources,candidate scope; not measured article coverage,indexed_no_full_text_listed,indexed_no_full_text_listed,full_text_no_delay_listed
economics,Journal of Development Economics,0304-3878,Elsevier Science,https://about.ebsco.com/m/ee/Marketing/titleLists/bsu-journals.htm,EBSCO Ultimate title list,Journal of Development Economics,candidate scope; not measured article coverage,indexed_no_full_text_listed,indexed_no_full_text_listed,indexed_no_full_text_listed
economics,Journal of International Economics,0022-1996,Elsevier B.V.,https://about.ebsco.com/m/ee/Marketing/titleLists/bsu-journals.htm,EBSCO Ultimate title list,Journal of International Economics,candidate scope; not measured article coverage,indexed_no_full_text_listed,indexed_no_full_text_listed,indexed_no_full_text_listed
economics,Journal of Monetary Economics,0304-3932,Elsevier B.V.,https://about.ebsco.com/m/ee/Marketing/titleLists/bsu-journals.htm,EBSCO Ultimate title list,Journal of Monetary Economics,candidate scope; not measured article coverage,indexed_no_full_text_listed,indexed_no_full_text_listed,indexed_no_full_text_listed
economics,Journal of Econometrics,0304-4076,Elsevier Science,https://about.ebsco.com/m/ee/Marketing/titleLists/bsu-journals.htm,EBSCO Ultimate title list,Journal of Econometrics,candidate scope; not measured article coverage,indexed_no_full_text_listed,indexed_no_full_text_listed,indexed_no_full_text_listed
economics,Journal of Applied Econometrics,0883-7252,Wiley-Blackwell,https://about.ebsco.com/m/ee/Marketing/titleLists/bsu-journals.htm,EBSCO Ultimate title list,Journal of Applied Econometrics,candidate scope; not measured article coverage,indexed_no_full_text_listed,indexed_no_full_text_listed,indexed_no_full_text_listed
economics,Journal of Business & Economic Statistics,0735-0015,Taylor & Francis Ltd,https://about.ebsco.com/m/ee/Marketing/titleLists/bsu-journals.htm,EBSCO Ultimate title list,Journal of Business & Economic Statistics,candidate scope; not measured article coverage,indexed_no_full_text_listed,full_text_embargo,full_text_embargo
economics,Econometric Theory,0266-4666,Cambridge University Press,https://about.ebsco.com/m/ee/Marketing/titleLists/bsu-journals.htm,EBSCO Ultimate title list,Econometric Theory,candidate scope; not measured article coverage,indexed_no_full_text_listed,indexed_no_full_text_listed,indexed_no_full_text_listed
economics,Econometrics Journal,1368-4221,Oxford University Press,https://about.ebsco.com/m/ee/Marketing/titleLists/bsu-journals.htm,EBSCO Ultimate title list,Econometrics Journal,candidate scope; not measured article coverage,indexed_no_full_text_listed,indexed_no_full_text_listed,full_text_embargo
economics,Economics Letters,0165-1765,Elsevier Science,https://about.ebsco.com/m/ee/Marketing/titleLists/bsu-journals.htm,EBSCO Ultimate title list,Economics Letters,candidate scope; not measured article coverage,indexed_no_full_text_listed,indexed_no_full_text_listed,indexed_no_full_text_listed
economics,Journal of Environmental Economics & Management,0095-0696,Academic Press,https://about.ebsco.com/m/ee/Marketing/titleLists/bsu-journals.htm,EBSCO Ultimate title list,Journal of Environmental Economics & Management,candidate scope; not measured article coverage,indexed_no_full_text_listed,indexed_no_full_text_listed,indexed_no_full_text_listed
economics,Environmental & Resource Economics,0924-6460 | 1573-1502,Springer Science+Business Media,https://api.openalex.org/sources?search=Environmental+%26+Resource+Economics&per-page=3,OpenAlex source metadata,Environmental and Resource Economics,candidate scope; not measured article coverage,not_found_by_observed_issn,not_found_by_observed_issn,not_found_by_observed_issn
economics,Energy Economics,0140-9883,Elsevier Science,https://about.ebsco.com/m/ee/Marketing/titleLists/bsu-journals.htm,EBSCO Ultimate title list,Energy Economics,candidate scope; not measured article coverage,indexed_no_full_text_listed,indexed_no_full_text_listed,indexed_no_full_text_listed
economics,Resource & Energy Economics,0928-7655,Elsevier Science,https://about.ebsco.com/m/ee/Marketing/titleLists/bsu-journals.htm,EBSCO Ultimate title list,Resource & Energy Economics,candidate scope; not measured article coverage,indexed_no_full_text_listed,indexed_no_full_text_listed,indexed_no_full_text_listed
economics,Journal of Health Economics,0167-6296,Elsevier Science,https://about.ebsco.com/m/ee/Marketing/titleLists/bsu-journals.htm,EBSCO Ultimate title list,Journal of Health Economics,candidate scope; not measured article coverage,indexed_no_full_text_listed,indexed_no_full_text_listed,indexed_no_full_text_listed
economics,Health Economics,1057-9230 | 1099-1050,Wiley (John Wiley & Sons),https://api.crossref.org/journals?query=Health+Economics&rows=3,Crossref journal metadata,Health Economics,candidate scope; not measured article coverage,not_found_by_observed_issn,not_found_by_observed_issn,not_found_by_observed_issn
economics,Journal of Urban Economics,0094-1190,Academic Press,https://about.ebsco.com/m/ee/Marketing/titleLists/bsu-journals.htm,EBSCO Ultimate title list,Journal of Urban Economics,candidate scope; not measured article coverage,indexed_no_full_text_listed,indexed_no_full_text_listed,indexed_no_full_text_listed
economics,Journal of Economic Dynamics & Control,0165-1889,Elsevier B.V.,https://about.ebsco.com/m/ee/Marketing/titleLists/bsu-journals.htm,EBSCO Ultimate title list,Journal of Economic Dynamics & Control,candidate scope; not measured article coverage,indexed_no_full_text_listed,indexed_no_full_text_listed,indexed_no_full_text_listed
economics,Review of Economic Dynamics,1094-2025,Academic Press,https://about.ebsco.com/m/ee/Marketing/titleLists/bsu-journals.htm,EBSCO Ultimate title list,Review of Economic Dynamics,candidate scope; not measured article coverage,indexed_no_full_text_listed,indexed_no_full_text_listed,indexed_no_full_text_listed
economics,Journal of Economic Growth,1381-4338,Springer Nature,https://about.ebsco.com/m/ee/Marketing/titleLists/bsu-journals.htm,EBSCO Ultimate title list,Journal of Economic Growth,candidate scope; not measured article coverage,indexed_no_full_text_listed,full_text_embargo,full_text_embargo
finance_statistics_ML,Journal of Finance,0022-1082,"John Wiley & Sons, Inc. | Wiley-Blackwell",https://about.ebsco.com/m/ee/Marketing/titleLists/bsu-journals.htm,EBSCO Ultimate title list,"Journal of Finance (John Wiley & Sons, Inc.)",candidate scope; not measured article coverage,indexed_no_full_text_listed,indexed_no_full_text_listed,full_text_ended | full_text_no_delay_listed
finance_statistics_ML,Journal of Financial Economics,0304-405X,Elsevier B.V.,https://about.ebsco.com/m/ee/Marketing/titleLists/bsu-journals.htm,EBSCO Ultimate title list,Journal of Financial Economics,candidate scope; not measured article coverage,indexed_no_full_text_listed,indexed_no_full_text_listed,indexed_no_full_text_listed
finance_statistics_ML,Review of Financial Studies,0893-9454,Oxford University Press,https://about.ebsco.com/m/ee/Marketing/titleLists/bsu-journals.htm,EBSCO Ultimate title list,Review of Financial Studies,candidate scope; not measured article coverage,indexed_no_full_text_listed,indexed_no_full_text_listed,full_text_embargo
finance_statistics_ML,Review of Finance,1572-3097,Oxford University Press,https://about.ebsco.com/m/ee/Marketing/titleLists/bsu-journals.htm,EBSCO Ultimate title list,Review of Finance,candidate scope; not measured article coverage,indexed_no_full_text_listed,indexed_no_full_text_listed,full_text_embargo
finance_statistics_ML,Journal of Financial & Quantitative Analysis,0022-1090,Cambridge University Press,https://about.ebsco.com/m/ee/Marketing/titleLists/bsu-journals.htm,EBSCO Ultimate title list,Journal of Financial & Quantitative Analysis,candidate scope; not measured article coverage,full_text_embargo,full_text_embargo,full_text_embargo
finance_statistics_ML,Mathematical Finance,0960-1627,Wiley-Blackwell,https://about.ebsco.com/m/ee/Marketing/titleLists/bsu-journals.htm,EBSCO Ultimate title list,Mathematical Finance,candidate scope; not measured article coverage,full_text_embargo,full_text_embargo,full_text_embargo
finance_statistics_ML,Finance & Stochastics,0949-2984,Springer Nature,https://about.ebsco.com/m/ee/Marketing/titleLists/bsu-journals.htm,EBSCO Ultimate title list,Finance & Stochastics,candidate scope; not measured article coverage,full_text_embargo,full_text_embargo,full_text_embargo
finance_statistics_ML,Annals of Statistics,0090-5364 | 2168-8966,Institute of Mathematical Statistics,https://api.crossref.org/journals?query=Annals+of+Statistics&rows=3,Crossref journal metadata,The Annals of Statistics,candidate scope; not measured article coverage,not_found_by_observed_issn,not_found_by_observed_issn,not_found_by_observed_issn
finance_statistics_ML,Journal of the American Statistical Association,0162-1459,Taylor & Francis Ltd,https://about.ebsco.com/m/ee/Marketing/titleLists/bsu-journals.htm,EBSCO Ultimate title list,Journal of the American Statistical Association,candidate scope; not measured article coverage,indexed_no_full_text_listed,indexed_no_full_text_listed,indexed_no_full_text_listed
finance_statistics_ML,Journal of the Royal Statistical Society: Series B (Statistical Methodology),1369-7412,Oxford University Press,https://about.ebsco.com/m/ee/Marketing/titleLists/bsu-journals.htm,EBSCO Ultimate title list,Journal of the Royal Statistical Society: Series B (Statistical Methodology),candidate scope; not measured article coverage,full_text_embargo,full_text_embargo,full_text_embargo
finance_statistics_ML,Biometrika,0006-3444 | 1464-3510,Oxford University Press,https://api.crossref.org/journals?query=Biometrika&rows=3,Crossref journal metadata,Biometrika,candidate scope; not measured article coverage,not_found_by_observed_issn,not_found_by_observed_issn,not_found_by_observed_issn
finance_statistics_ML,Statistical Science,0883-4237 | 2168-8745,Institute of Mathematical Statistics,https://api.crossref.org/journals?query=Statistical+Science&rows=3,Crossref journal metadata,Statistical Science,candidate scope; not measured article coverage,not_found_by_observed_issn,not_found_by_observed_issn,not_found_by_observed_issn
finance_statistics_ML,Journal of Machine Learning Research,1532-4435,Microtome Publishing,https://about.ebsco.com/m/ee/Marketing/titleLists/bsu-journals.htm,EBSCO Ultimate title list,Journal of Machine Learning Research,candidate scope; not measured article coverage,full_text_ended,full_text_ended,full_text_ended
finance_statistics_ML,Machine Learning,0885-6125 | 1573-0565,Springer Science+Business Media,https://api.openalex.org/sources?search=Machine+Learning&per-page=3,OpenAlex source metadata,Machine Learning,candidate scope; not measured article coverage,not_found_by_observed_issn,not_found_by_observed_issn,not_found_by_observed_issn
